,,,,,,,,,Vulnerability measures,,,,,,Globalization,Global Footprint Network,,World Governance Indicators,,,,,,,Awareness variables,,,,,,,,,Risk perception variables,,,,,,,,,,,,,,,,,,,,,,,,,,
WP5,Country,ISO,Region,Sub_region,Sample.2007,Sample.2008,Sample.Total,Population.2008,WPCIAS,SPCIAS,APCIAS,HDI,CO2emi,GDPperUS,glo_tot,Efcon,TotBioCap,VA,PS,GovE,RQ,RL,CC,WGI,Aware,Unaware,RF_aware,AUC_aware,CI_aware,Top_aware,Top2_aware,Top3_aware,Ratio_aware,Serious,Not_serious,RF_serious,AUC_serious,CITree_serious,Top1_serious,Top2_serious,Top3_serious,Ratio_serious,,,,,,,,,,,,,,,,,,
70,Afghanistan,AFG,Asia,Western Asia,0,1010,1010,13741343,6.43203,0,478.92194,0.367,0.022612658,307.9892025,30.3,0.54095,0.4374,-1.19612,-2.59269,-1.44165,-1.64468,-1.95084,-1.60574,-0.849208794,25.44597503,74.55402497,80.25793651,0.880865407,76.79,Education,Gender,Income,5.128087236,73.75854143,26.24145857,76.83823529,0.911369332,76.84,Education,Cause_Global_Warming,Civic_Engagement,1.111989874,,,,,,,,,,,,,,,,,,
56,Angola,AGO,Africa,Central Africa,0,1000,1000,9547243,0.56262,45.88711,143.80692,0.474,1.435174111,3449.376803,46.61,0.87427,2.99328,-1.11879,-0.50968,-1.15251,-1.05941,-1.37293,-1.29623,-0.531570084,42.8777946,57.1222054,76.00401606,0.865487193,67.27,Education,Financial_Wellbeing,EnvBehavior,1.741133976,91.36982815,8.630171849,91.44144144,0.964998704,91.44,Local_temp_perception,Cause_Global_Warming,Water_quality,1.08768195,,,,,,,,,,,,,,,,,,
87,Argentina,ARG,Latin America & Caribbean,Southern South America,1000,1000,2000,29594250,9.07022,61.81506,35.20279,0.783,4.666922195,6623.863698,60.01,2.65517,7.22023,0.31777,0.06016,-0.07592,-0.6944,-0.63148,-0.43253,-0.107670379,76.46036807,23.53963193,80.93093093,0.873428079,78.63,Income,Education,EnvBehavior,1.581607657,94.36115032,5.638849684,94.8852459,0.959695568,94.89,Cause_Global_Warming,EnvBehavior,Water_quality,9.268734597,,,,,,,,,,,,,,,,,,
88,Armenia,ARM,Europe,Eastern Europe,1000,1000,2000,2357567,0.00485,0,14.94801,0.717,1.64492364,2994.70899,52.88,1.66774,0.73387,-0.8114,0.04154,-0.25874,0.28653,-0.37641,-0.66939,-0.127665696,78.15115622,21.84884378,79.27927928,0.856877301,79.13,Education,Urban_Rural,EnvBehavior,1.565761222,85.27009505,14.72990495,85.57504873,0.923898842,85.58,Urban_Rural,Local_temp_perception,EnvBehavior,1.989427384,,,,,,,,,,,,,,,,,,
47,Australia,AUS,Europe (Oceania),Western Europe (AustraliaNZ),0,1005,1005,17286419,6.97902,288.70438,102.33799,0.923,18.07162335,40660.40393,81.17,6.2873,14.55486,1.36634,0.96019,1.82489,1.72539,1.75712,2.08387,0.846036881,97.32449855,2.675501447,98.00995025,0.989492386,98,Education,EnvBehavior,Gov_effort_env_preservation,1.012209875,78.24742398,21.75257602,84.23746162,0.904631108,81.88,Cause_Global_Warming,Gov_effort_env_preservation,EnvBehavior,2.734018586,,,,,,,,,,,,,,,,,,
89,Austria,AUT,Europe,Western Europe,0,1001,1001,7069420,0.012,0,24.07272,0.873,8.289283861,44850.11661,91.49,5.26262,3.2917,1.36224,1.29687,1.81414,1.66166,1.95458,2.0211,0.876245689,94.78551445,5.214485547,95.7,0.956501665,95.7,NIL,NIL,NIL,NA,58.77691608,41.22308392,72.26980728,0.833361788,63.6,Cause_Global_Warming,Air_quality,Gov_effort_env_preservation,4.696786004,,,,,,,,,,,,,,,,,,
100,Burundi,BDI,Africa,Central Africa,0,1000,1000,4816158,5.0681,0,457.55328,0.295,0.02378765,127.1163519,34.48,0.87325,0.46421,-0.76163,-1.47383,-1.1737,-1.24029,-1.06486,-1.05661,-0.546965163,21.7221457,78.2778543,81.00502513,0.87992653,78.89,Education,Air_quality,Income,3.45822636,92.42941531,7.570584688,91.12903226,0.966814159,91.13,NIL,NIL,NIL,NA,,,,,,,,,,,,,,,,,,
16,Belgium,BEL,Europe,Western Europe,1022,1002,2024,8907741,0.01541,40.56747,3.18151,0.881,9.649182642,43161.36602,92.81,7.24983,1.33729,1.37433,0.69825,1.48627,1.39927,1.31569,1.31566,0.66544188,89.22484618,10.77515382,90.10390896,0.920521691,90.1,Education,Communications,EnvBehavior,1.067839063,78.32036794,21.67963206,80.57142857,0.877324256,80.29,Cause_Global_Warming,NIL,NIL,NA,,,,,,,,,,,,,,,,,,
42,Benin,BEN,Africa,Coastal West Africa,0,1000,1000,5036514,0.41096,208.40726,261.28098,0.417,0.478231259,683.6521297,45.07,1.34702,0.98129,0.35302,0.35619,-0.5336,-0.50334,-0.56676,-0.44642,-0.100962014,20.67555548,79.32444452,80.1,0.882220501,75.3,Education,Communications,Urban_Rural,2.532783882,73.14352934,26.85647066,81.31487889,0.937280517,81.66,Local_temp_perception,Water_quality,Air_quality,1.770086893,,,,,,,,,,,,,,,,,,
78,Burkina Faso,BFA,Africa,Sahelian Africa,1000,1000,2000,7879866,0.33078,0,517.19775,0.317,0.10932004,449.301458,43.27,1.41804,1.28045,-0.32315,0.18567,-0.64031,-0.23091,-0.35039,-0.33255,-0.125980226,36.01796302,63.98203698,77.00400802,0.882317798,69.74,Communications,Education,Income,2.413874889,94.88622883,5.113771174,96.1130742,0.983808675,96.11,Physical_Wellbeing,Cause_Global_Warming,Urban_Rural,1.240307228,,,,,,,,,,,,,,,,,,
11,Bangladesh,BGD,Asia,Southern Asia,0,1000,1000,99537123,1813.65149,15620,3257.12769,0.481,0.326002414,475.2496513,40.95,0.66066,0.41061,-0.48778,-1.46869,-0.68557,-0.87801,-0.77305,-1.02394,-0.421235672,32.91217754,67.08782246,79.93981946,0.86656818,73.22,Education,Communications,Gender,5.130557363,98.32270327,1.677296733,98.820059,0.998507463,98.82,Communications,Financial_Wellbeing,Gender,3.314658324,,,,,,,,,,,,,,,,,,
71,Belarus,BLR,Europe,Eastern Europe,1114,1091,2205,8113658,0.00391,0,15.39789,0.741,6.210693053,4666.636982,49.11,3.84247,3.29577,-1.64727,0.38387,-1.12387,-1.34273,-1.08354,-0.69891,-0.45471391,80.7458663,19.2541337,82.02554745,0.882476824,81.43,Communications,Income,Financial_Wellbeing,2.9640274,44.65699934,55.34300066,77.66798419,0.869744503,57.97,Local_temp_perception,Cause_Global_Warming,EnvBehavior,1.347911983,,,,,,,,,,,,,,,,,,
94,Belize,BLZ,Latin America & Caribbean,Central America,502,0,502,186495,0.11575,25.90811,4.19714,0.694,1.365560193,4098.721207,48.18,2.25949,4.55468,0.62933,0.15001,-0.51475,-0.45696,-0.18798,-0.35683,-0.048194077,53.99074859,46.00925141,77.09611452,0.864155905,59.51,EnvBehavior,Urban_Rural,Civic_Engagement,1.732683265,87.98107051,12.01892949,88.8030888,0.934182909,88.8,Religion,Education,Cause_Global_Warming,1.457736284,,,,,,,,,,,,,,,,,,
96,Bolivia,BOL,Latin America & Caribbean,Andean South America,1000,1003,2003,6198863,15.51205,0,139.78465,0.648,1.379460468,1386.434364,54.52,2.58487,18.56385,0.01246,-0.80373,-0.62048,-0.92437,-0.94187,-0.41507,-0.291587181,54.79320844,45.20679156,77.33866933,0.864980217,66.18,Education,EnvBehavior,Income,3.483171481,94.22726556,5.772734436,93.81139489,0.952430815,93.81,Cause_Global_Warming,Education,Gov_effort_env_preservation,1.840490617,,,,,,,,,,,,,,,,,,
33,Brazil,BRA,Latin America & Caribbean,Northern South America,1038,1032,2070,141215775,81.37074,164.27884,799.82928,0.703,1.940844209,7197.031306,59.21,2.86906,9.64883,0.50498,-0.30687,-0.05148,0.02144,-0.40154,-0.06485,-0.003348042,79.12684531,20.87315469,82.41545894,0.892319589,76.96,EnvBehavior,Communications,Income,1.130633261,96.4588903,3.541109699,96.39816634,0.974197134,96.4,Cause_Global_Warming,Urban_Rural,Marital_Status,1.717006045,,,,,,,,,,,,,,,,,,
57,Botswana,BWA,Africa,Southern Africa,0,1000,1000,1261262,0.01564,0,56.49817,0.621,2.406567438,6420.844968,52.9,2.64192,3.77485,0.48085,0.92226,0.5675,0.45701,0.64572,0.96407,0.357554496,37.57880216,62.42119784,80.2,0.886978393,64.5,Education,Civic_Engagement,EnvBehavior,1.431332886,81.56458748,18.43541252,80,0.93277364,80,Cause_Global_Warming,Civic_Engagement,EnvBehavior,1.158264214,,,,,,,,,,,,,,,,,,
46,Canada,CAN,Europe (North America),Western Europe (North America),1010,1005,2015,27709877,8.44007,108.89233,24.38691,0.902,16.50205601,43184.91416,86.22,6.38048,14.83241,1.39038,1.02843,1.7986,1.63599,1.79442,1.99796,0.838841382,95.38337052,4.616629479,96.17486339,0.968753354,96.17,Communications,Gov_effort_env_preservation,EnvBehavior,1.540855545,77.82832776,22.17167224,85.00259471,0.903243958,80.7,Cause_Global_Warming,Gov_effort_env_preservation,EnvBehavior,5.914748884,,,,,,,,,,,,,,,,,,
104,Chile,CHL,Latin America & Caribbean,Southern South America,1023,1108,2131,12937958,2.15207,10.39948,97.2263,0.793,4.214351083,9878.717757,74.3,3.25565,3.75766,1.00635,0.40833,1.23653,1.51473,1.27016,1.33773,0.599783554,72.99626671,27.00373329,81.78823529,0.879930515,78.07,Education,Income,EnvBehavior,4.064231796,95.13595328,4.864046723,96.6155811,0.970532118,96.62,Cause_Global_Warming,Age,Air_quality,4.722584576,,,,,,,,,,,,,,,,,,
30,China,CHN,Asia,Northeast Asia,3733,3719,7452,1076805189,63260,5186.3916,3125.88037,0.661,5.153564017,2651.260061,59.95,2.07958,0.86202,-1.6817,-0.51712,0.20972,-0.17322,-0.40308,-0.51945,-0.230909636,61.88164482,38.11835518,78.82653061,0.829233156,75.92,Education,Urban_Rural,Income,2.233448711,36.0890781,63.9109219,68.02591463,0.740943584,60.35,Cause_Global_Warming,Air_quality,Water_quality,5.018093389,,,,,,,,,,,,,,,,,,
79,Cameroon,CMR,Africa,Central Africa,0,1000,1000,11019963,0.03134,71.27934,210.67448,0.463,0.336124611,1127.296843,44.98,1.09289,1.89463,-1.01738,-0.49629,-0.81204,-0.84224,-1.11412,-0.92969,-0.419950948,48.95025195,51.04974805,74.6492986,0.855447429,67.54,Education,Income,Gender,5.636856547,65.57887904,34.42112096,78.13620072,0.898099874,72.4,Income,Local_temp_perception,Water_quality,1.104451118,,,,,,,,,,,,,,,,,,
108,Congo Brazzaville,COG,Africa,Central Africa,0,1000,1000,2240705,0.06841,11.13724,82.78603,0.516,0.426599711,2236.497293,44.68,1.04789,12.37181,-1.13018,-0.72532,-1.28392,-1.26188,-1.16908,-1.11057,-0.545375386,41.1896716,58.8103284,77.68844221,0.870834512,63.12,Education,Communications,Income,1.02483865,76.51612788,23.48387212,81.23752495,0.916762867,80.64,Cause_Global_Warming,Local_temp_perception,Urban_Rural,1.076453164,,,,,,,,,,,,,,,,,,
105,Colombia,COL,Latin America & Caribbean,Andean South America,1000,1000,2000,31812804,93.68835,36.93288,403.66962,0.694,1.430344343,4676.433017,56.75,1.80242,3.91924,-0.22376,-1.79306,0.0165,0.25653,-0.45532,-0.20115,-0.164720685,68.43179606,31.56820394,78.39598997,0.867953093,71.03,Education,EnvBehavior,Income,3.068433736,96.80897352,3.191026481,96.87261632,0.992183599,96.87,Local_temp_perception,Cause_Global_Warming,EnvBehavior,1.340189972,,,,,,,,,,,,,,,,,,
82,Costa Rica,CRI,Latin America & Caribbean,Central America,1002,1000,2002,3353280,3.56437,9.15531,61.18086,0.736,1.82336689,5899.274609,64.25,2.56503,1.6415,0.93201,0.51511,0.2374,0.42696,0.36603,0.41585,0.26178644,75.51710867,24.48289133,78.02802803,0.859125273,74.37,EnvBehavior,Education,Income,1.6592231,96.9177922,3.082207802,96.74576271,0.972801331,96.75,Cause_Global_Warming,EnvBehavior,Gov_effort_env_preservation,6.125739446,,,,,,,,,,,,,,,,,,
21,Czech Republic,CZE,Europe,Eastern Europe,1072,0,1072,8943139,0.02627,0,22.62789,0.863,11.99367922,16858.16205,86.24,5.3289,2.63949,1.05136,1.01828,0.94514,1.09175,0.87398,0.25016,0.460814986,87.06454376,12.93545624,86.2230553,0.90215173,86.22,EnvBehavior,Communications,Education,2.966633507,48.08143318,51.91856682,75.46948357,0.85618838,66.43,Local_temp_perception,EnvBehavior,Civic_Engagement,2.534229898,,,,,,,,,,,,,,,,,,
14,Germany,DEU,Europe,Western Europe,0,2010,2010,70843231,0.15757,252.3456,108.97195,0.902,9.569344167,40467.87444,82.56,4.62904,1.91476,1.37678,0.98171,1.63106,1.5418,1.71033,1.72991,0.781301157,96.00188058,3.998119425,96.06769537,0.929238539,96.07,Income,EnvBehavior,Communications,1.185993054,64.95077707,35.04922293,72.03389831,0.799770854,66.79,Cause_Global_Warming,Communications,Age,6.775478343,,,,,,,,,,,,,,,,,,
112,Djibouti,DJI,Africa,East Africa,0,1000,1000,525857,0.98099,414.974,1.91464,0.419,0.580986666,1010.085054,48.41,2.04328,1.10827,-1.16247,0.08947,-0.87316,-0.68696,-0.61246,-0.32907,-0.285251439,43.06537154,56.93462846,80.90452261,0.893912233,62.71,Education,Gov_effort_env_preservation,Civic_Engagement,1.077110498,82.82566758,17.17433242,83.95061728,0.927556561,83.95,Gov_effort_env_preservation,Civic_Engagement,Communications,1.903194033,,,,,,,,,,,,,,,,,,
25,Denmark,DNK,Europe,Western Europe,1009,1001,2010,4487251,0.00294,622.96179,0,0.891,9.099285573,57021.17318,89.69,8.36598,4.76318,1.54053,1.0578,2.28234,1.90528,1.98821,2.50634,0.979236742,90.00183697,9.998163029,89.34262948,0.895417227,89.44,Communications,Age,Civic_Engagement,1.682994081,45.35945216,54.64054784,75.35816619,0.830704379,62.06,Cause_Global_Warming,Gov_effort_env_preservation,Local_temp_perception,3.611591045,,,,,,,,,,,,,,,,,,
114,Dominican Republic,DOM,Latin America & Caribbean,Caribbean Islands,1000,1000,2000,6639766,1.08857,11.99586,155.97658,0.675,2.24129722,4334.333429,57.96,1.41928,0.52334,0.18046,-0.07326,-0.59011,-0.2238,-0.60692,-0.67419,-0.150195316,49.73884693,50.26115307,76.65,0.86623795,67.6,Education,Income,Communications,2.62026036,94.10077033,5.899229671,94.55128205,0.963420849,94.55,Cause_Global_Warming,Gov_effort_env_preservation,Gender,3.799065749,,,,,,,,,,,,,,,,,,
84,Algeria,DZA,Africa,North Africa,0,1101,1101,25952912,0.15026,10.26749,428.00357,0.683,3.325072357,4005.224242,50.71,1.59835,0.56347,-0.98467,-1.09535,-0.64653,-0.71752,-0.70823,-0.53151,-0.368725324,56.26347903,43.73652097,71.37648131,0.828068818,67.73,Communications,Income,Financial_Wellbeing,2.366484151,82.56249198,17.43750802,82.31966054,0.906116838,82.32,Cause_Global_Warming,Civic_Engagement,Age,2.049164622,,,,,,,,,,,,,,,,,,
115,Ecuador,ECU,Latin America & Caribbean,Andean South America,1061,1001,2062,9923470,0.63191,88.80167,117.29077,0.708,2.230957721,3285.524669,56.66,2.23731,2.20004,-0.22938,-0.75191,-0.84053,-1.12133,-1.13226,-0.82087,-0.394812604,70.22251549,29.77748451,80.21338506,0.881932358,73.62,Communications,Education,Income,1.040982147,98.58970273,1.410297268,98.58657244,0.99874552,98.59,Local_temp_perception,NIL,NIL,NA,,,,,,,,,,,,,,,,,,
2,Egypt,EGY,Africa,North Africa,1024,1105,2129,51504594,0.00874,2800.72095,0,0.63,2.58924754,1695.739912,59.34,1.88703,0.65842,-1.1908,-0.54927,-0.44739,-0.22523,-0.12485,-0.69701,-0.246551791,25.02205517,74.97794483,76.65882353,0.831013463,74.54,Communications,Gender,Income,1.038513116,86.01084137,13.98915863,87.05673759,0.867700806,87.06,Age,Cause_Global_Warming,Marital_Status,4.339563165,,,,,,,,,,,,,,,,,,
17,Spain,ESP,Europe,Western Europe,1004,1009,2013,38857454,0.19511,316.49112,157.46167,0.869,7.982285769,32129.56884,85.28,4.91326,1.52137,1.13076,-0.20264,0.92514,1.22595,1.11504,1.05783,0.473616913,85.51177467,14.48822533,85.66450971,0.877111716,84.42,Education,Income,Gov_effort_env_preservation,1.177550553,83.55712621,16.44287379,84.87654321,0.907931062,84.2,Cause_Global_Warming,Gov_effort_env_preservation,Local_temp_perception,2.224054758,,,,,,,,,,,,,,,,,,
119,Estonia,EST,Europe,Eastern Europe,1001,601,1602,1137866,0.00216,37.3293,6.24283,0.833,14.87110635,15938.25811,79.73,5.25855,8.83945,1.09147,0.59392,1.12597,1.42954,1.14898,0.91308,0.557364836,88.46906862,11.53093138,87.92995622,0.925419556,87.93,Education,Communications,Physical_Wellbeing,2.375483921,39.92328412,60.07671588,71.51898734,0.888954781,65.4,Air_quality,Cause_Global_Warming,Water_quality,1.172401815,,,,,,,,,,,,,,,,,,
121,Finland,FIN,Europe,Western Europe,0,1005,1005,4421627,0.00448,10.7015,0,0.882,12.0866947,46505.04618,86.16,6.08694,12.25901,1.50302,1.47231,2.00781,1.5828,1.90865,2.4641,0.944324896,97.64712158,2.352878423,97.50996016,0.957221655,97.51,Education,Gender,Communications,1.209540094,40.75164378,59.24835622,77.11598746,0.85343672,63.43,Cause_Global_Warming,Gov_effort_env_preservation,Gender,1.523267352,,,,,,,,,,,,,,,,,,
13,France,FRA,Europe,Western Europe,0,1006,1006,52521703,1.85536,166.89621,159.14574,0.878,5.864104161,40459.72694,84.52,4.88545,2.95659,1.26375,0.52457,1.52367,1.28749,1.43724,1.42285,0.655955831,93.01789522,6.982104781,94.92537313,0.96125704,94.93,Education,EnvBehavior,Physical_Wellbeing,1.07913626,81.48356171,18.51643829,82.80254777,0.901934996,82.69,Cause_Global_Warming,EnvBehavior,Water_quality,3.166765515,,,,,,,,,,,,,,,,,,
12,United Kingdom,GBR,Europe,Western Europe,0,1001,1001,50569641,0.84918,1735.25488,45.56654,0.858,8.684214524,46091.59298,85.81,4.75987,1.33042,1.32776,0.47079,1.66063,1.81353,1.6817,1.70402,0.760810765,97.43596334,2.56403666,97.3026973,0.968704844,97.3,Income,Communications,EnvBehavior,1.370612628,71.44351785,28.55648215,80.22774327,0.891872563,75.26,Cause_Global_Warming,EnvBehavior,Gov_effort_env_preservation,4.205460646,,,,,,,,,,,,,,,,,,
72,Georgia,GEO,Europe,Eastern Europe,1000,1080,2080,3622785,0.02117,32.76631,34.41056,0.723,1.37374624,2318.127261,60.34,1.47348,1.17723,-0.33302,-0.78656,0.19777,0.37613,-0.29803,-0.25479,-0.06174609,61.88011149,38.11988851,74.45678416,0.823320729,66,Education,Communications,Income,3.653977075,80.78135343,19.21864657,81.11831442,0.91635832,81.12,Cause_Global_Warming,Civic_Engagement,Physical_Wellbeing,1.557504578,,,,,,,,,,,,,,,,,,
40,Ghana,GHA,Africa,Coastal West Africa,0,1000,1000,14002334,0.4163,86.33399,327.14072,0.514,0.42430015,1084.538717,53.24,1.70094,1.26923,0.46364,-0.00353,0.00277,-0.0358,-0.03578,0.01839,0.054290552,26.42432534,73.57567466,76.90763052,0.855089189,67.37,Education,Communications,Income,1.560145967,73.68712892,26.31287108,78.51239669,0.902255639,74.66,Cause_Global_Warming,Gov_effort_env_preservation,Urban_Rural,1.869144898,,,,,,,,,,,,,,,,,,
125,Guinea,GIN,Africa,Coastal West Africa,1000,0,1000,5860219,0.05217,74.38485,239.29335,0.339,0.148266427,449.0614604,43.58,1.69488,2.92038,-1.37309,-2.22391,-1.21749,-1.22392,-1.50128,-1.19111,-0.704947666,55.23822226,44.76177774,76.75350701,0.881805392,58.62,Urban_Rural,Civic_Engagement,Air_quality,1.037420665,79.90308204,20.09691796,86.71454219,0.93046729,83.12,Cause_Global_Warming,Urban_Rural,Financial_Wellbeing,3.352516089,,,,,,,,,,,,,,,,,,
24,Greece,GRC,Europe,Western Europe,1000,0,1000,9618196,0.04518,100.99046,47.00236,0.861,8.774711034,27766.93737,82.4,5.02011,1.54377,0.93716,0.37636,0.64738,0.86125,0.79569,0.18046,0.34349668,87.16876415,12.83123585,88.16449348,0.90335777,87.26,Gov_effort_env_preservation,Education,EnvBehavior,1.344881457,96.30388246,3.696117536,96.48711944,0.97447411,96.49,Local_temp_perception,Cause_Global_Warming,Marital_Status,1.274812529,,,,,,,,,,,,,,,,,,
124,Guatemala,GTM,Latin America & Caribbean,Central America,1000,1000,2000,7884385,2.18439,1.7885,226.37787,0.567,0.967611938,2553.597571,61.21,1.8074,1.1166,-0.22844,-0.71292,-0.52871,-0.19842,-1.16128,-0.64608,-0.269652985,56.92219457,43.07780543,73.98292315,0.847365602,65.7,Education,Income,EnvBehavior,4.186114875,91.594784,8.405216004,91.17647059,0.935326361,91.18,Cause_Global_Warming,Local_temp_perception,Income,4.053439409,,,,,,,,,,,,,,,,,,
127,Guyana,GUY,Latin America & Caribbean,Northern South America,501,0,501,484767,0.07405,113.09881,17.57315,0.621,2.033778271,2320.23652,55.5,2.57625,62.94353,0.10912,-0.57625,-0.08956,-0.56018,-0.58229,-0.57303,-0.169787437,66.92100788,33.07899212,80.63872255,0.889103389,71.26,Education,Communications,EnvBehavior,1.981725861,84.47558178,15.52441822,84.09785933,0.941398601,84.1,Local_temp_perception,Cause_Global_Warming,Communications,1.039664839,,,,,,,,,,,,,,,,,,
129,Honduras,HND,Latin America & Caribbean,Central America,1000,1000,2000,4541126,22.22065,21.79589,136.39629,0.616,1.262147849,1731.073291,61.91,1.78278,2.00825,-0.26204,-0.49827,-0.5763,-0.29744,-0.95551,-0.76567,-0.261567074,61.89008185,38.10991815,79.67887607,0.861918567,66.53,Education,Income,Communications,4.547416332,95.04679675,4.95320325,94.90550534,0.992710515,94.91,Water_quality,Cause_Global_Warming,Age,1.076109879,,,,,,,,,,,,,,,,,,
128,Haiti,HTI,Latin America & Caribbean,Caribbean Islands,0,500,500,6080448,2.8415,85.73207,261.12091,0.444,0.249594602,621.4615753,36.22,0.61511,0.32286,-0.62244,-1.35145,-1.31674,-0.78942,-1.36649,-1.24314,-0.540071983,46.05351152,53.94648848,78.78787879,0.891362126,62.63,EnvBehavior,Children_under15,Urban_Rural,2.24836956,79.79950611,20.20049389,80.95238095,0.945882353,80.95,Cause_Global_Warming,Age,Children_under15,1.785088693,,,,,,,,,,,,,,,,,,
20,Hungary,HUN,Europe,Eastern Europe,1010,1008,2018,8544682,0.05891,0,29.4601,0.81,5.55386156,13713.22206,86.91,3.2892,2.4134,1.04465,0.736,0.74623,1.20241,0.85175,0.49567,0.450089509,93.60229152,6.397708485,93.74379345,0.926406544,93.74,Education,Communications,Income,6.594328773,83.5132248,16.4867752,84.07468424,0.902641331,84.02,Local_temp_perception,Cause_Global_Warming,Urban_Rural,1.022271267,,,,,,,,,,,,,,,,,,
10,Indonesia,IDN,Asia,Southeast Asia,1000,1050,2050,163912302,399.35089,5679.06885,2970.03198,0.595,1.585713982,1858.823058,56.81,1.11776,1.31879,-0.11295,-1.11543,-0.24674,-0.31014,-0.64266,-0.57452,-0.225533933,38.84928495,61.15071505,77.82120176,0.860902571,68.88,Communications,Income,Education,1.377918285,87.35488986,12.64511014,87.70595691,0.955574757,87.71,Cause_Global_Warming,Urban_Rural,Local_temp_perception,1.390128491,,,,,,,,,,,,,,,,,,
31,India,IND,Asia,Southern Asia,3186,2000,5186,810841232,30840,4306.60986,47040,0.525,1.433501251,1104.58803,52,0.86528,0.48533,0.44968,-1.1369,0.05029,-0.28783,0.09305,-0.41021,-0.07623697,35.48188519,64.51811481,75.89494163,0.838105345,62.82,Education,Urban_Rural,Income,3.110503017,86.05302322,13.94697678,87.31988473,0.9352937,87.11,Cause_Global_Warming,Local_temp_perception,Urban_Rural,1.343955454,,,,,,,,,,,,,,,,,,
132,Ireland,IRL,Europe,Western Europe,0,1001,1001,3497139,0.00494,76.44655,16.52934,0.909,10.19319264,59488.95223,86.25,6.15786,3.44977,1.41937,1.18763,1.61121,1.88361,1.76061,1.76024,0.83611027,93.90763432,6.092365684,96.003996,0.945941727,96,Communications,Education,Civic_Engagement,1.413871915,65.00351751,34.99648249,75.13116474,0.843407205,70.62,Cause_Global_Warming,Gov_effort_env_preservation,Gender,4.92851779,,,,,,,,,,,,,,,,,,
26,Iran,IRN,Asia,Western Asia,1004,1040,2044,55310516,3.378,8.30281,388.68903,0.697,7.088166362,4004.42275,39.07,2.67915,0.88197,-1.48455,-1.0447,-0.59012,-1.56336,-0.8395,-0.56668,-0.490688061,54.58055029,45.41944971,70.93933464,0.844465769,64.43,Education,Communications,Urban_Rural,2.266762497,79.47855554,20.52144446,79.06976744,0.89247066,79.07,EnvBehavior,Age,Gov_effort_env_preservation,1.01442097,,,,,,,,,,,,,,,,,,
130,Iceland,ISL,Europe,Western Europe,0,502,502,249812,0.00268,13.32427,0.73258,0.897,7.50899007,65565.67117,75.28,32.34144,16.42806,1.46705,1.34231,1.69291,1.32399,1.81874,2.27199,0.85689237,94.66074897,5.33925103,95.41832669,0.963874013,95.42,Education,EnvBehavior,Physical_Wellbeing,1.201387262,36.79654382,63.20345618,77.90178571,0.873867754,66.1,Cause_Global_Warming,Gov_effort_env_preservation,Financial_Wellbeing,3.611829527,,,,,,,,,,,,,,,,,,
38,Israel,ISR,Asia,Middle East,1001,0,1001,5309473,0.00414,61.15167,27.05202,0.882,5.127599894,23257.28136,75.7,4.11927,0.30058,0.71967,-1.40255,1.30578,1.13143,0.87916,0.82451,0.334034183,86.25297991,13.74702009,86.4321608,0.909939707,86.43,Gov_effort_env_preservation,Communications,EnvBehavior,1.21643385,74.20966194,25.79033806,77.8173191,0.877539223,74.61,Civic_Engagement,Local_temp_perception,Air_quality,1.007154542,,,,,,,,,,,,,,,,,,
18,Italy,ITA,Europe,Western Europe,1008,1008,2016,51427005,0.09477,878.23029,208.82715,0.87,7.736822822,35641.11864,81.6,4.61273,1.13794,1.05688,0.50407,0.34059,0.88677,0.36154,0.19937,0.302726511,83.88829738,16.11170262,85.09687034,0.869826815,85.1,Communications,Education,Income,1.589839475,93.17434719,6.82565281,93.52517986,0.94950736,93.53,Cause_Global_Warming,Gender,Local_temp_perception,8.017246205,,,,,,,,,,,,,,,,,,
6,Jordan,JOR,Asia,Middle East,1016,1007,2023,3692148,0.00433,0,62.43076,0.689,3.796530201,3137.6513,71.63,2.17724,0.23905,-0.70733,-0.3492,0.20297,0.33117,0.48388,0.36166,0.056228883,61.94530121,38.05469879,74.04844291,0.851253255,65.84,Education,Income,Marital_Status,1.133482884,85.64064655,14.35935345,86.02761982,0.908881788,86.03,Air_quality,Civic_Engagement,Cause_Global_Warming,1.071069358,,,,,,,,,,,,,,,,,,
29,Japan,JPN,Asia,Northeast Asia,1150,750,1900,110499005,43.5349,26390,395.22296,0.895,9.79244259,34264.05378,64.97,4.27215,0.59054,0.96858,0.91071,1.44608,1.11679,1.33126,1.23623,0.61425414,98.91835609,1.081643914,99.10526316,0.994595608,99.11,Communications,NIL,NIL,NA,80.87910372,19.12089628,81.37673426,0.872084739,81.32,EnvBehavior,Gender,Marital_Status,1.079106321,,,,,,,,,,,,,,,,,,
73,Kazakhstan,KAZ,Asia,Western Asia,1000,1000,2000,11831223,0.0521,0,0,0.728,14.68605343,6771.646865,58.1,4.26064,3.70639,-1.11047,0.58179,-0.52232,-0.37159,-0.83591,-0.94185,-0.255450456,60.27170559,39.72829441,73.31319235,0.82116062,65.86,Urban_Rural,Religion,Education,1.90126523,64.00343947,35.99656053,66.8971478,0.879291803,64.65,Cause_Global_Warming,Urban_Rural,Water_quality,1.102419058,,,,,,,,,,,,,,,,,,
36,Kenya,KEN,Africa,East Africa,0,2200,2200,22243310,123.85868,5.66394,293.67313,0.49,0.262269241,724.9164147,48.2,1.00288,0.55839,-0.24794,-1.32391,-0.56382,-0.28063,-0.9895,-0.96871,-0.340451011,55.74207934,44.25792066,78.26879271,0.869717945,70.25,Education,EnvBehavior,Gender,2.866164293,88.03219605,11.96780395,89.74556669,0.947748361,89.67,Cause_Global_Warming,Local_temp_perception,Urban_Rural,1.031210445,,,,,,,,,,,,,,,,,,
74,Kyrgyzstan,KGZ,Asia,Western Asia,1000,1000,2000,3712408,0.02575,0,31.67558,0.608,1.234288607,726.4014233,57.65,1.25594,1.35179,-0.99643,-0.77382,-0.75609,-0.39102,-1.33058,-1.1706,-0.432859669,52.11005885,47.88994115,72.02202202,0.805663284,58.61,Education,Civic_Engagement,Urban_Rural,2.208306713,73.70879447,26.29120553,77.41347905,0.862537388,75.23,Urban_Rural,Religion,Income,1.960588176,,,,,,,,,,,,,,,,,,
52,Cambodia,KHM,Asia,Southeast Asia,1000,1024,2024,9310797,7.11298,28.77457,451.84042,0.511,0.324856142,631.986488,47.67,1.14417,0.98868,-0.91429,-0.38501,-0.90763,-0.48018,-1.08667,-1.13331,-0.393854203,58.00040373,41.99959627,73.65032194,0.840111677,64.09,Financial_Wellbeing,EnvBehavior,Gov_effort_env_preservation,1.324471109,90.69790808,9.30209192,88.88888889,0.920750724,89.14,Cause_Global_Warming,Local_temp_perception,Civic_Engagement,1.762242365,,,,,,,,,,,,,,,,,,
68,South Korea,KOR,Asia,Northeast Asia,1000,1000,2000,40434254,6.11433,885.44128,123.3053,0.884,10.28161536,21653.37525,62.93,4.63252,0.71324,0.64987,0.32146,1.16971,0.80269,0.92313,0.48289,0.39277413,92.63721114,7.362788858,94.59459459,0.95095725,93.24,Education,Communications,Age,1.078965771,86.64940554,13.35059446,87.54062839,0.880991713,87.5,Marital_Status,Age,Gender,2.788500054,,,,,,,,,,,,,,,,,,
53,Laos,LAO,Asia,Southeast Asia,1000,1000,2000,3798375,0.41404,0,97.21165,0.504,0.259041185,718.6875896,24.37,1.28196,1.62423,-1.65521,-0.06952,-0.86722,-1.15285,-0.87607,-1.24405,-0.478374425,80.07662156,19.92337844,77.89473684,0.8041909,77.64,Education,Marital_Status,Urban_Rural,1.144797117,61.41631377,38.58368623,66.38546398,0.798362417,60.42,Air_quality,Cause_Global_Warming,EnvBehavior,1.546039002,,,,,,,,,,,,,,,,,,
4,Lebanon,LBN,Asia,Middle East,0,1000,1000,3108944,0.00773,180.41609,17.30197,0.724,3.749590314,6059.852982,64.39,2.74615,0.38893,-0.44976,-2.04817,-0.45084,-0.26499,-0.67836,-0.8683,-0.365442484,64.19984886,35.80015114,74.5,0.851517131,68.9,Education,Communications,Income,1.23119056,85.13664011,14.86335989,86.73780488,0.925701473,86.74,Religion,Water_quality,Cause_Global_Warming,3.036475346,,,,,,,,,,,,,,,,,,
140,Liberia,LBR,Africa,Coastal West Africa,0,1000,1000,2077425,0.03355,313.07141,58.59465,0.324,0.195098236,211.3579642,32.26,1.29807,3.02992,-0.18426,-1.25565,-1.30091,-1.27397,-1.09626,-0.48801,-0.452222638,20.62337334,79.37662666,78.5,0.876108802,71.8,Education,Communications,Water_quality,2.004554442,90.51152386,9.488476142,89.58990536,0.950490824,89.59,Urban_Rural,Marital_Status,Gov_effort_env_preservation,1.471099975,,,,,,,,,,,,,,,,,,
49,Sri Lanka,LKA,Asia,Southern Asia,1000,1000,2000,15131825,47.31598,431.46942,505.96469,0.675,0.607420215,1595.8344,52.24,1.21386,0.44681,-0.48487,-1.70224,-0.09683,-0.29652,0.06257,-0.1451,-0.189448351,73.29167422,26.70832578,79.96995493,0.861603632,77.17,Education,Income,Urban_Rural,2.43963135,89.78894439,10.21105561,89.86175115,0.936844108,89.86,Cause_Global_Warming,Local_temp_perception,Urban_Rural,2.200562526,,,,,,,,,,,,,,,,,,
143,Lithuania,LTU,Europe,Eastern Europe,1007,506,1513,2834627,0.00243,2.94601,17.25082,0.805,4.484327314,11584.24118,69.33,4.40514,4.27972,0.88326,0.79144,0.6546,1.09245,0.61034,0.0396,0.364141655,90.68266618,9.317333823,91.85430464,0.925076641,91.85,Urban_Rural,Education,Communications,1.09422063,57.01720886,42.98279114,74.22434368,0.850866251,55.85,Cause_Global_Warming,Religion,Water_quality,1.890349392,,,,,,,,,,,,,,,,,,
144,Luxembourg,LUX,Europe,Western Europe,0,500,500,400688,0.00093,0,0.68529,0.868,22.59057736,106901.5674,86.02,14.23952,2.29822,1.52038,1.50055,1.61287,1.70501,1.78265,2.03266,0.87708842,95.04503932,4.954960682,95.2,0.935486695,95.2,EnvBehavior,Education,Physical_Wellbeing,1.085179764,78.99669873,21.00330127,78.85835095,0.885895445,77.8,Cause_Global_Warming,Age,Gender,7.661624847,,,,,,,,,,,,,,,,,,
138,Latvia,LVA,Europe,Eastern Europe,1017,513,1530,1947030,0.00214,428.87704,10.38506,0.802,3.483174729,12638.14729,70.25,4.67275,6.60677,0.82964,0.41365,0.52806,1.01545,0.74956,0.22265,0.34047692,91.037321,8.962679005,91.23036649,0.919964904,91.16,Communications,Urban_Rural,Education,1.302440524,42.20637109,57.79362891,76.88888889,0.867387112,62.22,Urban_Rural,Cause_Global_Warming,Civic_Engagement,3.085145297,,,,,,,,,,,,,,,,,,
3,Morocco,MAR,Africa,North Africa,1042,0,1042,21994171,0.14521,430.61725,838.10468,0.568,1.492403019,2388.793895,60.3,1.25652,0.65554,-0.77888,-0.56373,-0.17004,-0.18546,-0.22626,-0.34971,-0.165588903,30.0983061,69.9016939,77.93834297,0.859293275,73.8,Income,Gender,Age,2.334271471,97.34426195,2.655738054,97.34219269,0.994027304,97.34,Income,Cause_Global_Warming,Air_quality,1.009714706,,,,,,,,,,,,,,,,,,
75,Moldova,MDA,Europe,Eastern Europe,1000,1000,2000,2955520,0.10706,0,32.20445,0.641,1.310190601,1230.811876,61.73,1.73275,0.99296,-0.32629,-0.16255,-0.78063,-0.23288,-0.47903,-0.60875,-0.199405253,82.48630671,17.51369329,83.7,0.888817545,82.65,Education,Income,Communications,2.2509316,91.16598892,8.834011083,91.13924051,0.951577381,91.14,Urban_Rural,Financial_Wellbeing,Local_temp_perception,1.018582205,,,,,,,,,,,,,,,,,,
43,Madagascar,MDG,Africa,East Africa,0,1000,1000,11151937,60.54179,120.66359,665.79456,0.48,0.095054101,386.8562712,43.29,1.15834,2.95,-0.24168,-0.1694,-0.57329,-0.27174,-0.3873,-0.13334,-0.130431545,49.07538876,50.92461124,75.8,0.838673212,66.5,Income,Education,Civic_Engagement,1.400269695,93.98758532,6.012414679,94.69835466,0.960857409,94.7,Local_temp_perception,Cause_Global_Warming,EnvBehavior,1.42800048,,,,,,,,,,,,,,,,,,
34,Mexico,MEX,Latin America & Caribbean,Central America,999,1000,1999,79329866,127.90078,224.36758,1346.88574,0.758,4.118816376,9484.731556,58.78,3.10804,1.42204,0.06479,-0.69559,0.20059,0.34997,-0.61845,-0.23879,-0.050566127,67.19644032,32.80355968,77.29784028,0.858084066,72.58,Education,EnvBehavior,Income,1.030188865,94.84577061,5.154229392,95.1201748,0.968640717,95.12,Cause_Global_Warming,Local_temp_perception,Gov_effort_env_preservation,2.504095292,,,,,,,,,,,,,,,,,,
61,Mali,MLI,Africa,Sahelian Africa,0,1000,1000,7023653,0.77091,0,550.73273,0.342,0.041323361,509.6921795,44.85,1.7933,2.23667,0.22437,0.18823,-0.83608,-0.35757,-0.32086,-0.36487,-0.109721168,52.54351103,47.45648897,79.4,0.89132695,63.4,Financial_Wellbeing,Civic_Engagement,Education,1.212194014,91.7975918,8.202408196,94.02173913,0.956267881,94.02,EnvBehavior,Civic_Engagement,Communications,3.155958952,,,,,,,,,,,,,,,,,,
148,Malta,MLT,Europe,Western Europe,0,508,508,345380,0.0011,4.09109,0.19722,0.828,6.660752964,18452.16083,76.14,4.60898,0.45985,1.22497,1.2537,1.24576,1.1682,1.59713,1.05055,0.655438764,75.30237145,24.69762855,76.37795276,0.832986453,71.26,Communications,Income,Education,3.075879352,88.76747691,11.23252309,89.36781609,0.909707135,89.37,Financial_Wellbeing,NIL,NIL,NA,,,,,,,,,,,,,,,,,,
153,Mongolia,MNG,Asia,Northeast Asia,1000,1000,2000,1914734,0.21464,0,13.82095,0.636,4.023975532,1613.594836,51.04,5.4562,15.47175,0.21761,0.61366,-0.50718,-0.31222,-0.38399,-0.65783,-0.075204563,75.2881657,24.7118343,77.06653226,0.870462304,74.19,Income,EnvBehavior,Education,1.79717231,42.90860323,57.09139677,74.05764967,0.855066717,57.58,Physical_Wellbeing,Age,Financial_Wellbeing,3.802761289,,,,,,,,,,,,,,,,,,
63,Mozambique,MOZ,Africa,Southern Africa,0,1000,1000,12473306,39.16833,482.3093,510.59854,0.302,0.118022811,368.1580528,49.06,0.77294,2.22836,-0.08063,0.33055,-0.46125,-0.49337,-0.59872,-0.49627,-0.138047941,54.13027701,45.86972299,78,0.877775977,68.3,Communications,Civic_Engagement,Urban_Rural,1.488195839,87.88683183,12.11316817,88.72053872,0.95601688,88.89,Local_temp_perception,Communications,Water_quality,1.254526419,,,,,,,,,,,,,,,,,,
62,Mauritania,MRT,Africa,Sahelian Africa,1000,1000,2000,2022067,0.52861,100.52654,86.57434,0.444,0.607234103,883.2301838,48.17,2.80084,5.27834,-0.8367,-0.41057,-0.95075,-0.54409,-0.86327,-0.60606,-0.335403877,43.98885531,56.01114469,77.47114902,0.868859155,67.89,Education,EnvBehavior,Financial_Wellbeing,1.565317961,84.10853095,15.89146905,88.03716609,0.94751863,88.39,Local_temp_perception,Communications,Air_quality,1.076746437,,,,,,,,,,,,,,,,,,
146,Malaysia,MYS,Asia,Southeast Asia,1233,1000,2233,19472550,8.11298,1546.703,257.03946,0.748,7.20558803,6899.603394,77.36,3.6701,2.5102,-0.56282,0.1145,1.18944,0.45566,0.48945,0.17648,0.185672727,71.28307712,28.71692288,79.02066487,0.88746266,74.89,Civic_Engagement,Education,Religion,1.124617636,72.78407125,27.21592875,74.69955724,0.90857468,73.06,Local_temp_perception,Cause_Global_Warming,Gov_effort_env_preservation,1.056407575,,,,,,,,,,,,,,,,,,
155,Namibia,NAM,Africa,Southern Africa,1000,0,1000,1294253,0.60416,4.05085,97.81748,0.61,1.385963027,4078.684975,56.57,2.22256,7.245,0.47372,1.09938,0.13805,0.07914,0.2423,0.41632,0.218257353,46.05503426,53.94496574,77.8,0.873187209,69.8,Age,Education,EnvBehavior,1.214434347,77.30424023,22.69575977,79.64205817,0.931077694,76.51,Cause_Global_Warming,Gov_effort_env_preservation,Communications,1.303458655,,,,,,,,,,,,,,,,,,
35,Nigeria,NGA,Africa,Coastal West Africa,0,1000,1000,84951359,1.54999,899.17603,1976.33057,0.444,0.602959037,1129.086075,58.1,1.4924,1.10016,-0.74049,-1.89322,-0.95858,-0.83769,-1.10142,-0.88158,-0.510577872,27.75491023,72.24508977,73.9,0.889671876,68.9,Religion,Education,Gender,1.123667647,66.01752113,33.98247887,72.57525084,0.918341709,66.56,Education,Religion,Cause_Global_Warming,1.427364138,,,,,,,,,,,,,,,,,,
158,Nicaragua,NIC,Latin America & Caribbean,Central America,1000,1000,2000,3640291,9.38534,2.39819,85.08187,0.58,0.810692038,1017.60339,54.57,1.59453,2.35837,-0.29559,-0.12372,-0.89634,-0.43083,-0.80194,-0.75277,-0.261619425,53.50407262,46.49592738,75.4509018,0.854875716,66.48,Education,Gov_effort_env_preservation,EnvBehavior,5.305906256,92.90091734,7.099082658,93.22033898,0.957477553,93.22,Cause_Global_Warming,Local_temp_perception,Gov_effort_env_preservation,3.23877582,,,,,,,,,,,,,,,,,,
15,Netherlands,NLD,Europe,Western Europe,1000,1000,2000,13501540,0.0109,729.89288,38.79474,0.903,10.52978153,47770.80121,91.72,6.28752,1.0222,1.53609,0.83131,1.74518,1.78123,1.76446,2.19924,0.858485846,95.60831384,4.39168616,95.5977989,0.947213501,95.6,Income,Communications,Education,1.507809038,61.07741399,38.92258601,73.9222991,0.859849778,70.3,Cause_Global_Warming,Gender,Local_temp_perception,6.108466944,,,,,,,,,,,,,,,,,,
160,Norway,NOR,Europe,Western Europe,0,1000,1000,3857220,0.00547,44.44976,0,0.942,9.539808327,82294.16301,82.43,5.0087,5.40225,1.55314,1.21755,1.93052,1.41508,1.96035,1.91743,0.865730341,97.49614437,2.503855629,97.0970971,0.963988624,97.1,Gender,Religion,Gov_effort_env_preservation,1.60747988,45.4111507,54.5888493,77.67094017,0.856927001,64.1,Cause_Global_Warming,Gov_effort_env_preservation,Gender,5.123610767,,,,,,,,,,,,,,,,,,
157,Nepal,NPL,Asia,Southern Asia,1000,1003,2003,16199852,19.40931,0,608.62836,0.44,0.120579775,362.2216826,36.87,0.76071,0.53086,-0.58302,-1.87007,-0.70228,-0.58834,-0.70014,-0.71656,-0.402879614,36.75749621,63.24250379,80.46953047,0.89364867,76.92,Education,Communications,Marital_Status,3.698587829,90.99887353,9.001126467,91.64133739,0.960199005,91.64,Local_temp_perception,Education,Cause_Global_Warming,1.789152628,,,,,,,,,,,,,,,,,,
9,Pakistan,PAK,Asia,Western Asia,0,2484,2484,106061855,91.96272,62.68376,4909.86035,0.494,0.978331405,870.6294734,52.78,0.76271,0.41882,-0.88962,-2.47446,-0.56861,-0.54924,-0.9361,-0.77688,-0.483880363,34.53501595,65.46498405,73.47359736,0.844930661,65.64,EnvBehavior,Civic_Engagement,Education,1.864086092,73.46680289,26.53319711,77.29357798,0.881874149,75,Cause_Global_Warming,Gender,Financial_Wellbeing,1.828873066,,,,,,,,,,,,,,,,,,
163,Panama,PAN,Latin America & Caribbean,Central America,1000,1004,2004,2490453,0.92878,54.84621,35.65807,0.755,1.985254306,5907.469932,66.94,2.91547,2.68478,0.56036,-0.03825,0.12257,0.47673,-0.21025,-0.23263,0.079821118,65.02130066,34.97869934,75.15,0.861246188,66.75,EnvBehavior,Income,Communications,1.836990631,95.30526699,4.694733008,95.61128527,0.979757026,95.61,Physical_Wellbeing,NIL,NIL,NA,,,,,,,,,,,,,,,,,,
165,Peru,PER,Latin America & Caribbean,Andean South America,1000,1000,2000,19808175,13.90137,11.08182,410.08203,0.708,1.544859103,3807.178954,64.57,1.9415,3.83226,0.06536,-0.82874,-0.38558,0.28798,-0.78928,-0.22678,-0.131166573,61.58396582,38.41603418,79.69924812,0.882068966,72.93,Education,Income,EnvBehavior,2.253418571,94.52977398,5.470226022,94.89953632,0.952250518,94.9,Cause_Global_Warming,Education,Urban_Rural,3.164880861,,,,,,,,,,,,,,,,,,
48,Philippines,PHL,Asia,Southeast Asia,1000,1000,2000,57810706,876.98895,3865.85352,1259.71729,0.633,0.886382526,1684.777071,57.29,0.98222,0.61465,-0.14422,-1.62584,0.04573,-0.08577,-0.5378,-0.69517,-0.22226594,46.8734193,53.1265807,78.4,0.866519725,66.05,Education,Income,Age,3.083253817,89.17485837,10.82514163,89.83382209,0.931039173,89.83,Cause_Global_Warming,Local_temp_perception,Physical_Wellbeing,3.241052696,,,,,,,,,,,,,,,,,,
19,Poland,POL,Europe,Eastern Europe,1000,1000,2000,32268231,0.14679,7.70718,114.08204,0.802,8.268617224,11157.27035,80.37,3.97132,2.01796,0.8688,0.76888,0.46527,0.77935,0.45145,0.25715,0.321332336,84.02785506,15.97214494,85.84292146,0.888230736,84.34,Education,Communications,Civic_Engagement,2.494346619,67.9818587,32.0181413,73.76738306,0.858751639,70.16,Cause_Global_Warming,Local_temp_perception,Water_quality,10.31678053,,,,,,,,,,,,,,,,,,
166,Portugal,PRT,Europe,Western Europe,0,1002,1002,8992041,0.02569,55.16177,70.67058,0.8,5.678001496,21845.23526,87.14,4.21863,1.28102,1.22946,0.87034,0.9346,1.10688,1.0162,0.97773,0.538024081,90.32652121,9.673478791,90.31936128,0.915816327,90.22,Education,EnvBehavior,Income,1.106761565,96.43026278,3.569737216,96.94224236,0.977717203,96.94,EnvBehavior,Air_quality,Age,1.848945401,,,,,,,,,,,,,,,,,,
164,Paraguay,PRY,Latin America & Caribbean,Southern South America,1000,1000,2000,4090279,0.65134,0,134.99693,0.647,0.675956299,1997.346972,56.14,3.13792,10.99385,-0.22838,-0.67961,-0.86082,-0.54641,-1.03613,-1.11313,-0.355943025,58.27732535,41.72267465,75.2,0.837819112,62.9,Income,Civic_Engagement,Communications,1.100817606,95.05544205,4.944557948,95.58823529,0.961698718,95.59,Cause_Global_Warming,Gov_effort_env_preservation,Age,1.07286982,,,,,,,,,,,,,,,,,,
168,Qatar,QAT,Asia,Middle East,0,1012,1012,1140655,0.00028,49.76283,1.13822,0.825,57.66024723,68537.9139,66.86,11.09941,2.23504,-0.8959,1.01311,0.33687,0.55389,0.71509,0.94977,0.245152327,64.68718183,35.31281817,69.96007984,0.801536238,67.86,Education,Gender,Physical_Wellbeing,2.765327405,71.48641847,28.51358153,71.26984127,0.84326823,69.21,Cause_Global_Warming,Civic_Engagement,Gender,2.418128007,,,,,,,,,,,,,,,,,,
22,Romania,ROM,Europe,Eastern Europe,1000,0,1000,18290202,0.0055,2.1364,106.50413,0.773,4.567821976,7856.47606,75.6,2.66616,2.10343,0.48693,0.19453,-0.26704,0.53859,-0.06642,-0.1337,0.083537839,80.86005919,19.13994081,83.03212851,0.884384461,79.72,Education,Communications,EnvBehavior,1.303211611,87.00630876,12.99369124,86.81626928,0.932045509,86.82,Local_temp_perception,Cause_Global_Warming,Children_under15,6.362591183,,,,,,,,,,,,,,,,,,
76,Russia,RUS,Europe,Eastern Europe,2949,2019,4968,121084636,2.47251,35.55474,293.1976,0.745,11.73522578,9146.41636,66.84,4.29088,6.56699,-0.94076,-0.81113,-0.39545,-0.39403,-0.97488,-0.99494,-0.354516644,84.86103449,15.13896551,83.8918046,0.865150758,83.9,Education,Communications,EnvBehavior,1.203661343,52.16534608,47.83465392,74.20609203,0.849411045,56,Air_quality,Religion,Gov_effort_env_preservation,1.05284905,,,,,,,,,,,,,,,,,,
65,Rwanda,RWA,Africa,Central Africa,0,1000,1000,5651066,0.37721,0,584.4043,0.406,0.073638095,385.2570552,37.2,0.84217,0.51932,-1.2808,-0.31024,-0.16651,-0.57411,-0.51915,0.0369,-0.214412634,30.23906711,69.76093289,76.80722892,0.859401024,64.36,Education,Urban_Rural,Financial_Wellbeing,1.97206557,75.37156237,24.62843763,77.6203966,0.909767611,77.05,Local_temp_perception,Financial_Wellbeing,Cause_Global_Warming,4.617625329,,,,,,,,,,,,,,,,,,
5,Saudi Arabia,SAU,Asia,Middle East,1006,1150,2156,17919097,0.00667,397.48175,118.00166,0.758,15.57083954,15091.29885,60.81,4.37957,0.66522,-1.64098,-0.45125,-0.05987,0.08493,0.1676,-0.10813,-0.139540192,48.76519703,51.23480297,78.42129846,0.870478702,58.15,Gender,Urban_Rural,Financial_Wellbeing,1.603975119,86.38789918,13.61210082,86.46616541,0.934753756,85.34,Urban_Rural,Air_quality,Cause_Global_Warming,1.270664159,,,,,,,,,,,,,,,,,,
181,Sudan,SDN,Africa,East Africa,1000,0,1000,19546741,85.67933,0.89445,1222.70667,0.397,0.313987557,1152.564889,37.24,1.67754,2.39123,-1.61836,-2.41664,-1.18486,-1.38552,-1.39751,-1.40852,-0.760611361,46.87364758,53.12635242,70.04008016,0.78112217,61.52,Civic_Engagement,EnvBehavior,Air_quality,1.703974262,92.13766505,7.862334949,91.50326797,0.911233211,91.5,Civic_Engagement,Financial_Wellbeing,EnvBehavior,2.135361453,,,,,,,,,,,,,,,,,,
66,Senegal,SEN,Africa,Coastal West Africa,0,1000,1000,6882571,0.54287,229.11507,572.36597,0.448,0.468175487,987.7623293,52.84,1.37392,1.31568,-0.18727,-0.16917,-0.30963,-0.30174,-0.28719,-0.54099,-0.131282095,35.98396697,64.01603303,81.9,0.909049873,73.2,Education,Communications,Urban_Rural,3.800476743,91.4574452,8.542554803,89.69804618,0.939569819,89.7,Cause_Global_Warming,Local_temp_perception,Urban_Rural,1.907385441,,,,,,,,,,,,,,,,,,
28,Singapore,SGP,Asia,Southeast Asia,1000,2551,3551,3964752,0.00597,117.98092,0,0.853,7.84849562,38645.48211,88.79,5.90209,0.01779,-0.42809,1.23816,2.34995,1.8725,1.67469,2.28066,0.789158712,84.39669734,15.60330266,87.55280203,0.866594163,86.51,Education,Communications,Income,1.441882339,70.6689803,29.3310197,72.56990679,0.839852562,71.8,Cause_Global_Warming,Local_temp_perception,Religion,1.731765119,,,,,,,,,,,,,,,,,,
80,Sierra Leone,SLE,Africa,Coastal West Africa,0,1000,1000,3184445,0.04886,45.69888,152.76476,0.322,0.239634309,303.6919117,38.07,1.11006,1.72321,-0.22786,-0.13294,-1.18206,-1.0159,-1.00652,-0.91095,-0.365030316,35.9133703,64.0866297,80.6,0.895361077,65.2,Education,Civic_Engagement,Physical_Wellbeing,1.058805218,66.40658724,33.59341276,78.68852459,0.901873822,76.58,Local_temp_perception,Cause_Global_Warming,Gov_effort_env_preservation,2.316555559,,,,,,,,,,,,,,,,,,
116,El Salvador,SLV,Latin America & Caribbean,Central America,1001,1000,2001,4086884,0.88024,15.01762,91.7925,0.668,1.131198708,3339.967362,64.08,2.02648,0.62356,0.11044,0.03069,-0.1783,0.19551,-0.67998,-0.33208,-0.051896427,54.79588862,45.20411138,75.22567703,0.854831631,65.35,Education,EnvBehavior,Urban_Rural,2.215673642,94.96512559,5.034874411,95.4887218,0.980786581,95.49,Gov_effort_env_preservation,Age,Local_temp_perception,1.466426543,,,,,,,,,,,,,,,,,,
23,Sweden,SWE,Europe,Western Europe,1001,1000,2001,7679577,0.0039,78.49202,0,0.9,5.251918542,50558.39553,88.64,5.99628,9.58856,1.51251,1.2027,1.94654,1.64308,1.90898,2.25232,0.906874829,96.05270977,3.947290232,96.2,0.959849272,96.2,Civic_Engagement,Education,Financial_Wellbeing,1.999488822,59.8104027,40.1895973,74.10379882,0.839128016,67.04,Cause_Global_Warming,Gender,Gov_effort_env_preservation,3.810242751,,,,,,,,,,,,,,,,,,
7,Syria,SYR,Asia,Middle East,0,1209,1209,12883638,0.04283,0,235.41168,0.629,3.683874405,2099.457809,42.23,1.40225,0.63942,-1.71141,-0.383,-0.69115,-1.16147,-0.60319,-1.04406,-0.45184943,56.14126873,43.85873127,75.55923778,0.869529785,70.26,Education,Civic_Engagement,Income,3.346439764,77.70281775,22.29718225,74.63087248,0.895877477,73.69,Gender,Cause_Global_Warming,Income,1.447877053,,,,,,,,,,,,,,,,,,
103,Chad,TCD,Africa,Sahelian Africa,1000,1000,2000,5617401,0.06005,0,256.02258,0.315,0.044547741,676.4757469,39.62,1.8732,3.19091,-1.44181,-1.99506,-1.58665,-1.17396,-1.5296,-1.36744,-0.738353658,45.02633726,54.97366274,79.57852484,0.881423349,65.43,Education,EnvBehavior,Civic_Engagement,1.430938109,85.55883599,14.44116401,89.21568627,0.969704203,89.48,Cause_Global_Warming,Urban_Rural,Local_temp_perception,1.254191763,,,,,,,,,,,,,,,,,,
187,Togo,TGO,Africa,Coastal West Africa,0,1000,1000,3453948,0.11791,121.02522,152.48065,0.425,0.232884666,446.4082568,48.14,1.00458,0.66127,-1.09733,-0.27387,-1.49924,-0.88342,-0.84194,-0.94255,-0.451250975,29.58178993,70.41821007,77.94561934,0.872858355,67.07,Education,Gender,EnvBehavior,3.135849604,84.16782654,15.83217346,86.79245283,0.951388009,86.79,Local_temp_perception,Religion,Financial_Wellbeing,1.017967464,,,,,,,,,,,,,,,,,,
51,Thailand,THA,Asia,Southeast Asia,1006,1038,2044,52598268,138.42018,1271.04297,1767.47522,0.671,4.160856576,3642.919436,62.54,2.3529,1.16939,-0.56423,-1.17219,0.27138,0.19807,-0.08879,-0.42126,-0.115440911,88.50730283,11.49269717,89.41695247,0.905390665,89.56,Age,Income,EnvBehavior,1.343302446,69.73598549,30.26401451,72.89459007,0.849819739,71.56,Local_temp_perception,Urban_Rural,EnvBehavior,1.235653075,,,,,,,,,,,,,,,,,,
185,Tajikistan,TJK,Asia,Western Asia,1000,1000,2000,4618002,2.32572,0,37.09537,0.593,0.49138184,563.1825341,36.03,0.88671,0.5702,-1.28793,-0.77493,-1.04821,-1.09611,-1.21036,-0.96304,-0.517663661,42.9553504,57.0446496,69.50176145,0.804187904,63,Education,Gender,Marital_Status,1.010288189,48.45287102,51.54712898,75.4950495,0.859771807,55.94,Urban_Rural,Civic_Engagement,Age,1.005297074,,,,,,,,,,,,,,,,,,
189,Trinidad & Tobago,TTO,Latin America & Caribbean,Caribbean Islands,0,502,502,1041036,0.00587,36.44147,63.3546,0.752,27.93805708,16398.09249,57.66,6.8805,1.56677,0.55208,-0.12614,0.20337,0.62149,-0.24871,-0.25634,0.087215764,72.25338835,27.74661165,74.70119522,0.880847135,71.91,Education,Gov_effort_env_preservation,Income,1.191538606,98.21873128,1.781268722,98.06094183,0.997578692,98.06,Civic_Engagement,Gender,Physical_Wellbeing,1.285189111,,,,,,,,,,,,,,,,,,
190,Tunisia,TUN,Africa,North Africa,0,1100,1100,7835745,0.00473,261.11136,184.9119,0.685,2.334305092,3483.544813,60.14,1.80728,0.98673,-1.26375,0.15542,0.40556,0.08332,0.1773,-0.14859,-0.024635321,60.13921552,39.86078448,74.72727273,0.850595977,68.55,Education,Gov_effort_env_preservation,Age,4.56861164,76.80455109,23.19544891,79.77991747,0.884801237,77.17,Cause_Global_Warming,Gov_effort_env_preservation,Marital_Status,3.161478464,,,,,,,,,,,,,,,,,,
8,Turkey,TUR,Asia,Middle East,1001,1004,2005,51081714,0.4896,308.04764,575.82062,0.69,4.066966832,9246.030405,68.78,2.60212,1.31937,-0.14662,-0.84237,0.2621,0.30284,0.03539,0.07548,0.004729589,74.0704552,25.9295448,80.50974513,0.880237871,78,Education,Income,Communications,1.483295348,91.96779211,8.032207893,91.74434088,0.958179222,91.74,Local_temp_perception,Cause_Global_Warming,Urban_Rural,1.114124778,,,,,,,,,,,,,,,,,,
37,Tanzania,TZA,Africa,East Africa,0,1000,1000,23396687,43.06106,57.26801,1242.5564,0.444,0.147061503,419.531972,39.2,1.21339,1.04988,-0.15701,-0.26389,-0.47543,-0.41876,-0.34868,-0.38631,-0.153244007,52.67677287,47.32322713,80.18018018,0.888702134,64.66,Education,Civic_Engagement,Urban_Rural,1.693836887,92.08094521,7.919054793,92.72097054,0.973831776,92.72,Local_temp_perception,Civic_Engagement,Education,1.444675021,,,,,,,,,,,,,,,,,,
41,Uganda,UGA,Africa,East Africa,0,1000,1000,16170280,90.63782,0,917.10046,0.425,0.105635105,392.7508471,46.37,1.58404,0.8123,-0.51008,-1.02373,-0.50657,-0.18088,-0.41885,-0.80011,-0.262027017,34.85380901,65.14619099,79.7,0.88389982,68.3,Education,Income,Communications,1.088026699,85.7725408,14.2274592,86.1167002,0.936915888,86.11,Local_temp_perception,Gov_effort_env_preservation,Water_quality,2.869121197,,,,,,,,,,,,,,,,,,
77,Ukraine,UKR,Europe,Eastern Europe,1066,1074,2140,39814804,0.35661,35.31821,93.83483,0.727,7.070762331,3068.608998,66.6,2.94724,1.9991,0.02975,0.09838,-0.73212,-0.47112,-0.76839,-0.75588,-0.204788441,79.70070882,20.29929118,81.3767091,0.866476964,81.38,Education,Income,Civic_Engagement,1.02518495,70.99159985,29.00840015,72.01001879,0.860865675,72.76,Cause_Global_Warming,Local_temp_perception,Civic_Engagement,2.035976808,,,,,,,,,,,,,,,,,,
194,Uruguay,URY,Latin America & Caribbean,Southern South America,1004,1005,2009,2577920,0.32078,4.46264,8.92253,0.767,1.804868128,7183.344249,65.35,5.13925,9.97159,1.00991,0.86817,0.50456,0.22806,0.53023,1.17437,0.378482038,73.16936549,26.83063451,79.16251246,0.854452503,74.23,Education,Income,EnvBehavior,3.414317828,94.01510148,5.984898518,94.22407794,0.972326529,94.22,Gender,EnvBehavior,Local_temp_perception,2.059130399,,,,,,,,,,,,,,,,,,
1,United States,USA,Europe (North America),Western Europe (North America),1225,0,1225,243027414,482.70456,905.34119,425.77811,0.906,18.50764982,46405.59719,76.97,7.38559,3.86429,1.08315,0.3284,1.55395,1.52721,1.62972,1.3726,0.662698099,97.74353361,2.256466388,98.36333879,0.982737105,98.36,Civic_Engagement,Communications,Education,1.363142561,64.36025706,35.63974294,85.16666667,0.919660647,79.67,Cause_Global_Warming,Local_temp_perception,Gov_effort_env_preservation,2.149481347,,,,,,,,,,,,,,,,,,
195,Uzbekistan,UZB,Asia,Western Asia,0,1000,1000,18847482,0.02766,0,181.72249,0.622,4.311500383,830.4138756,35.86,1.76545,0.90705,-2.033,-1.26132,-0.77278,-1.40957,-1.0846,-0.9204,-0.604977333,52.7061963,47.2938037,74.62387161,0.833379723,59.68,Civic_Engagement,Education,Age,2.541243238,74.55939214,25.44060786,77.71203156,0.874622893,78.9,Cause_Global_Warming,Religion,Physical_Wellbeing,2.655962507,,,,,,,,,,,,,,,,,,
32,Venezuela,VEN,Latin America & Caribbean,Northern South America,0,1000,1000,19640481,0.77213,13.1784,36.05193,0.725,5.951152858,8242.823065,53.79,2.87464,3.03127,-0.76391,-1.23435,-1.0401,-1.35798,-1.54349,-1.05267,-0.568527514,63.85835377,36.14164623,78.42741935,0.87705169,70.36,Education,Income,EnvBehavior,1.765260807,98.12785579,1.872144214,98.0861244,0.996612466,98.09,Cause_Global_Warming,Civic_Engagement,NIL,1.420663787,,,,,,,,,,,,,,,,,,
50,Vietnam,VNM,Asia,Southeast Asia,1018,1016,2034,64123539,638.26715,12360,1319.52209,0.578,1.333286718,844.340785,47.99,1.37576,1.09237,-1.53192,0.20759,-0.17214,-0.55154,-0.42912,-0.61215,-0.241046956,73.53802548,26.46197452,75.19723866,0.888357541,73.42,Religion,Financial_Wellbeing,Gender,1.263531572,74.10186964,25.89813036,77.29166667,0.911802089,74.86,Local_temp_perception,Civic_Engagement,Religion,2.290308385,,,,,,,,,,,,,,,,,,
45,South Africa,ZAF,Africa,Southern Africa,1000,1000,2000,34136736,5.85663,50.84578,1079.60327,0.606,8.980172692,5930.071526,65.35,2.64282,1.17485,0.56851,0.13648,0.55152,0.49001,0.07964,0.18687,0.192691078,31.41445824,68.58554176,79.19799499,0.86860191,66.17,Education,Income,Financial_Wellbeing,1.061832121,70.15508187,29.84491813,72.27332457,0.900006567,69.91,EnvBehavior,Cause_Global_Warming,Financial_Wellbeing,1.510700957,,,,,,,,,,,,,,,,,,
67,Zambia,ZMB,Africa,Central Africa,0,1000,1000,6607533,6.42052,0,546.50262,0.409,0.142660159,957.3671536,55.79,0.83788,2.34313,-0.22131,0.39771,-0.74201,-0.48893,-0.51236,-0.51005,-0.162406177,26.47909883,73.52090117,77,0.866597768,69.6,Education,Communications,Financial_Wellbeing,2.493193372,69.19920881,30.80079119,79.04040404,0.898964946,71.46,Cause_Global_Warming,Religion,Water_quality,5.881887315,,,,,,,,,,,,,,,,,,
81,Zimbabwe,ZWE,Africa,Southern Africa,0,1000,1000,7469469,0.23278,0,133.8336,0.344,0.770639548,402.0607099,48.29,1.24257,0.73945,-1.57555,-1.10006,-1.337,-2.11655,-1.73373,-1.37361,-0.761884873,52.38286693,47.61713307,76.7,0.851474113,65.3,Education,Communications,Age,1.076226544,69.53572204,30.46427796,72.69155206,0.884037291,71.71,Cause_Global_Warming,Urban_Rural,Local_temp_perception,1.338938832,,,,,,,,,,,,,,,,,,
,,,,,,,,,,,,,,,,,,,,,,,,,,,,,,,,,,,,,,,,,,,,,,,,,,,,,,,,,,,,
,,,,,,,,,,,,,,,,,,,,,,,,,,,,,,,,,,,,,,,,,,,,,,,,,,,,,,,,,,,,
,,,,,,,,,,,,,,,,,,,,,,,,,,,,,,,,,,,,,,,,,,,,,,,,,,,,,,,,,,,,
,,,,,,,,,,,,,,,,,,,,,,,,,,,,,,,,,,,,,,,,,,,,,,,,,,,,,,,,,,,,
,,,,,,,,,,,,,,,,,,,,,,,,,,,,,,,,,,,,,,,,,,,,,,,,,,,,,,,,,,,,
,,,,,,,,,,,,,,,,,,,,,,,,,,,,,,,,,,,,,,,,,,,,,,,,,,,,,,,,,,,,
,,,,,,,,,,,,,,,,,,,,,,,,,,,,,,,,,,,,,,,,,,,,,,,,,,,,,,,,,,,,
,,,,,,,,,,,,,,,,,,,,,,,,,,,,,,,,,,,,,,,,,,,,,,,,,,,,,,,,,,,,
,,,,,,,,,,,,,,,,,,,,,,,,,,,,,,,,,,,,,,,,,,,,,,,,,,,,,,,,,,,,
,,,,,,,,,,,,,,,,,,,,,,,,,,,,,,,,,,,,,,,,,,,,,,,,,,,,,,,,,,,,
,,,,,,,,,,,,,,,,,,,,,,,,,,,,,,,,,,,,,,,,,,,,,,,,,,,,,,,,,,,,
,,,,,,,,,,,,,,,,,,,,,,,,,,,,,,,,,,,,,,,,,,,,,,,,,,,,,,,,,,,,
,,,,,,,,,,,,,,,,,,,,,,,,,,,,,,,,,,,,,,,,,,,,,,,,,,,,,,,,,,,,
,,,,,,,,,,,,,,,,,,,,,,,,,,,,,,,,,,,,,,,,,,,,,,,,,,,,,,,,,,,,
,,,,,,,,,,,,,,,,,,,,,,,,,,,,,,,,,,,,,,,,,,,,,,,,,,,,,,,,,,,,
,,,,,,,,,,,,,,,,,,,,,,,,,,,,,,,,,,,,,,,,,,,,,,,,,,,,,,,,,,,,
,,,,,,,,,,,,,,,,,,,,,,,,,,,,,,,,,,,,,,,,,,,,,,,,,,,,,,,,,,,,
,,,,,,,,,,,,,,,,,,,,,,,,,,,,,,,,,,,,,,,,,,,,,,,,,,,,,,,,,,,,
,,,,,,,,,,,,,,,,,,,,,,,,,,,,,,,,,,,,,,,,,,,,,,,,,,,,,,,,,,,,
,,,,,,,,,,,,,,,,,,,,,,,,,,,,,,,,,,,,,,,,,,,,,,,,,,,,,,,,,,,,
,,,,,,,,,,,,,,,,,,,,,,,,,,,,,,,,,,,,,,,,,,,,,,,,,,,,,,,,,,,,
,,,,,,,,,,,,,,,,,,,,,,,,,,,,,,,,,,,,,,,,,,,,,,,,,,,,,,,,,,,,
,,,,,,,,,,,,,,,,,,,,,,,,,,,,,,,,,,,,,,,,,,,,,,,,,,,,,,,,,,,,
,,,,,,,,,,,,,,,,,,,,,,,,,,,,,,,,,,,,,,,,,,,,,,,,,,,,,,,,,,,,
,,,,,,,,,,,,,,,,,,,,,,,,,,,,,,,,,,,,,,,,,,,,,,,,,,,,,,,,,,,,
,,,,,,,,,,,,,,,,,,,,,,,,,,,,,,,,,,,,,,,,,,,,,,,,,,,,,,,,,,,,
,,,,,,,,,,,,,,,,,,,,,,,,,,,,,,,,,,,,,,,,,,,,,,,,,,,,,,,,,,,,
,,,,,,,,,,,,,,,,,,,,,,,,,,,,,,,,,,,,,,,,,,,,,,,,,,,,,,,,,,,,
,,,,,,,,,,,,,,,,,,,,,,,,,,,,,,,,,,,,,,,,,,,,,,,,,,,,,,,,,,,,
,,,,,,,,,,,,,,,,,,,,,,,,,,,,,,,,,,,,,,,,,,,,,,,,,,,,,,,,,,,,
,,,,,,,,,,,,,,,,,,,,,,,,,,,,,,,,,,,,,,,,,,,,,,,,,,,,,,,,,,,,
,,,,,,,,,,,,,,,,,,,,,,,,,,,,,,,,,,,,,,,,,,,,,,,,,,,,,,,,,,,,
,,,,,,,,,,,,,,,,,,,,,,,,,,,,,,,,,,,,,,,,,,,,,,,,,,,,,,,,,,,,
,,,,,,,,,,,,,,,,,,,,,,,,,,,,,,,,,,,,,,,,,,,,,,,,,,,,,,,,,,,,
,,,,,,,,,,,,,,,,,,,,,,,,,,,,,,,,,,,,,,,,,,,,,,,,,,,,,,,,,,,,
,,,,,,,,,,,,,,,,,,,,,,,,,,,,,,,,,,,,,,,,,,,,,,,,,,,,,,,,,,,,
,,,,,,,,,,,,,,,,,,,,,,,,,,,,,,,,,,,,,,,,,,,,,,,,,,,,,,,,,,,,
,,,,,,,,,,,,,,,,,,,,,,,,,,,,,,,,,,,,,,,,,,,,,,,,,,,,,,,,,,,,
,,,,,,,,,,,,,,,,,,,,,,,,,,,,,,,,,,,,,,,,,,,,,,,,,,,,,,,,,,,,
,,,,,,,,,,,,,,,,,,,,,,,,,,,,,,,,,,,,,,,,,,,,,,,,,,,,,,,,,,,,
,,,,,,,,,,,,,,,,,,,,,,,,,,,,,,,,,,,,,,,,,,,,,,,,,,,,,,,,,,,,
,,,,,,,,,,,,,,,,,,,,,,,,,,,,,,,,,,,,,,,,,,,,,,,,,,,,,,,,,,,,
,,,,,,,,,,,,,,,,,,,,,,,,,,,,,,,,,,,,,,,,,,,,,,,,,,,,,,,,,,,,
,,,,,,,,,,,,,,,,,,,,,,,,,,,,,,,,,,,,,,,,,,,,,,,,,,,,,,,,,,,,
,,,,,,,,,,,,,,,,,,,,,,,,,,,,,,,,,,,,,,,,,,,,,,,,,,,,,,,,,,,,
,,,,,,,,,,,,,,,,,,,,,,,,,,,,,,,,,,,,,,,,,,,,,,,,,,,,,,,,,,,,
,,,,,,,,,,,,,,,,,,,,,,,,,,,,,,,,,,,,,,,,,,,,,,,,,,,,,,,,,,,,
,,,,,,,,,,,,,,,,,,,,,,,,,,,,,,,,,,,,,,,,,,,,,,,,,,,,,,,,,,,,
,,,,,,,,,,,,,,,,,,,,,,,,,,,,,,,,,,,,,,,,,,,,,,,,,,,,,,,,,,,,
,,,,,,,,,,,,,,,,,,,,,,,,,,,,,,,,,,,,,,,,,,,,,,,,,,,,,,,,,,,,
,,,,,,,,,,,,,,,,,,,,,,,,,,,,,,,,,,,,,,,,,,,,,,,,,,,,,,,,,,,,
,,,,,,,,,,,,,,,,,,,,,,,,,,,,,,,,,,,,,,,,,,,,,,,,,,,,,,,,,,,,
,,,,,,,,,,,,,,,,,,,,,,,,,,,,,,,,,,,,,,,,,,,,,,,,,,,,,,,,,,,,
,,,,,,,,,,,,,,,,,,,,,,,,,,,,,,,,,,,,,,,,,,,,,,,,,,,,,,,,,,,,
,,,,,,,,,,,,,,,,,,,,,,,,,,,,,,,,,,,,,,,,,,,,,,,,,,,,,,,,,,,,
,,,,,,,,,,,,,,,,,,,,,,,,,,,,,,,,,,,,,,,,,,,,,,,,,,,,,,,,,,,,
,,,,,,,,,,,,,,,,,,,,,,,,,,,,,,,,,,,,,,,,,,,,,,,,,,,,,,,,,,,,
,,,,,,,,,,,,,,,,,,,,,,,,,,,,,,,,,,,,,,,,,,,,,,,,,,,,,,,,,,,,
,,,,,,,,,,,,,,,,,,,,,,,,,,,,,,,,,,,,,,,,,,,,,,,,,,,,,,,,,,,,
,,,,,,,,,,,,,,,,,,,,,,,,,,,,,,,,,,,,,,,,,,,,,,,,,,,,,,,,,,,,
,,,,,,,,,,,,,,,,,,,,,,,,,,,,,,,,,,,,,,,,,,,,,,,,,,,,,,,,,,,,
,,,,,,,,,,,,,,,,,,,,,,,,,,,,,,,,,,,,,,,,,,,,,,,,,,,,,,,,,,,,
,,,,,,,,,,,,,,,,,,,,,,,,,,,,,,,,,,,,,,,,,,,,,,,,,,,,,,,,,,,,
,,,,,,,,,,,,,,,,,,,,,,,,,,,,,,,,,,,,,,,,,,,,,,,,,,,,,,,,,,,,
,,,,,,,,,,,,,,,,,,,,,,,,,,,,,,,,,,,,,,,,,,,,,,,,,,,,,,,,,,,,
,,,,,,,,,,,,,,,,,,,,,,,,,,,,,,,,,,,,,,,,,,,,,,,,,,,,,,,,,,,,
,,,,,,,,,,,,,,,,,,,,,,,,,,,,,,,,,,,,,,,,,,,,,,,,,,,,,,,,,,,,
,,,,,,,,,,,,,,,,,,,,,,,,,,,,,,,,,,,,,,,,,,,,,,,,,,,,,,,,,,,,
,,,,,,,,,,,,,,,,,,,,,,,,,,,,,,,,,,,,,,,,,,,,,,,,,,,,,,,,,,,,
,,,,,,,,,,,,,,,,,,,,,,,,,,,,,,,,,,,,,,,,,,,,,,,,,,,,,,,,,,,,
,,,,,,,,,,,,,,,,,,,,,,,,,,,,,,,,,,,,,,,,,,,,,,,,,,,,,,,,,,,,
,,,,,,,,,,,,,,,,,,,,,,,,,,,,,,,,,,,,,,,,,,,,,,,,,,,,,,,,,,,,
,,,,,,,,,,,,,,,,,,,,,,,,,,,,,,,,,,,,,,,,,,,,,,,,,,,,,,,,,,,,
,,,,,,,,,,,,,,,,,,,,,,,,,,,,,,,,,,,,,,,,,,,,,,,,,,,,,,,,,,,,
,,,,,,,,,,,,,,,,,,,,,,,,,,,,,,,,,,,,,,,,,,,,,,,,,,,,,,,,,,,,
,,,,,,,,,,,,,,,,,,,,,,,,,,,,,,,,,,,,,,,,,,,,,,,,,,,,,,,,,,,,